title,text,score,review,sentiment
"Introducing a new rewards system for honest, in-depth product reviews","There are no incentives for consumers to write honest in-depth reviews on platforms like Amazon. Why would you produce content for a retailer for free? Many sellers started giving out free products in exchange for positive reviews, which was the start of the whole fake reviews crisis.

People now come to Reddit for reviews because Redditors and other forum members are interested in boosting their ego by showing their depth of knowledge on the topic (and correcting others on the topic).

We're now announcing a new rewards system for high-quality reviews on our subreddit! This system is designed to incentivize users to write detailed, well-written reviews that provide valuable information to other users.

Here's how it will work:

* Users who write reviews will earn points based on the quality of their reviews. The points will be determined by a combination of factors such as the length and detail of the review, the overall helpfulness of the review to other users, and the number of upvotes or positive feedback the review receives.
* Users then get a chance to win a gift cards or discount each month. It's entirely crowdfunded and we start with $100 for January.
* We have strong policies to ensure the authenticity and integrity of the reviews. More on that in another post.

We hope you'll join us in this effort to improve the quality of reviews on reddit, and we look forward to seeing all of the great reviews you'll be sharing with the community!",14,"Introducing a new rewards system for honest, in-depth product reviews There are no incentives for consumers to write honest in-depth reviews on platforms like Amazon. Why would you produce content for a retailer for free? Many sellers started giving out free products in exchange for positive reviews, which was the start of the whole fake reviews crisis.

People now come to Reddit for reviews because Redditors and other forum members are interested in boosting their ego by showing their depth of knowledge on the topic (and correcting others on the topic).

We're now announcing a new rewards system for high-quality reviews on our subreddit! This system is designed to incentivize users to write detailed, well-written reviews that provide valuable information to other users.

Here's how it will work:

* Users who write reviews will earn points based on the quality of their reviews. The points will be determined by a combination of factors such as the length and detail of the review, the overall helpfulness of the review to other users, and the number of upvotes or positive feedback the review receives.
* Users then get a chance to win a gift cards or discount each month. It's entirely crowdfunded and we start with $100 for January.
* We have strong policies to ensure the authenticity and integrity of the reviews. More on that in another post.

We hope you'll join us in this effort to improve the quality of reviews on reddit, and we look forward to seeing all of the great reviews you'll be sharing with the community!",1
The Best Genmaicha Tea Brands of the Year,Genmaicha is a traditional Japanese tea that blends green tea with roasted brown rice.,3,The Best Genmaicha Tea Brands of the Year Genmaicha is a traditional Japanese tea that blends green tea with roasted brown rice.,1
First time drinking Rammstein Rum!,[https://youtu.be/Qx2c7V6gUNA](https://youtu.be/Qx2c7V6gUNA),3,First time drinking Rammstein Rum! [https://youtu.be/Qx2c7V6gUNA](https://youtu.be/Qx2c7V6gUNA),1
IKEA Stenkol Battery Charger Review,"I have been using my Duracell CEF14 battery charger to charge my Panasonic EVOLTA and IKEA Ladda batteries for a long time. For some reason, my CEF14 charger started not to charge my IKEA batteries fully and decided to buy IKEA STENKOL charger. I’m using it for about 6 months and this time is enough to make [IKEA Stenkol battery charger review](https://www.izreview.com/ikea-stenkol-battery-charger-review/).

",3,"IKEA Stenkol Battery Charger Review I have been using my Duracell CEF14 battery charger to charge my Panasonic EVOLTA and IKEA Ladda batteries for a long time. For some reason, my CEF14 charger started not to charge my IKEA batteries fully and decided to buy IKEA STENKOL charger. I’m using it for about 6 months and this time is enough to make [IKEA Stenkol battery charger review](https://www.izreview.com/ikea-stenkol-battery-charger-review/).

",1
Café Bustelo Coffee Review,,2,Café Bustelo Coffee Review ,1
Café Bustelo Coffee Review,,2,Café Bustelo Coffee Review ,1
The Best Kenyan Coffee Bean Brands of the Year,,2,The Best Kenyan Coffee Bean Brands of the Year ,1
A List of Popular Peaberry Coffee Bean Brands,,1,A List of Popular Peaberry Coffee Bean Brands ,1
The Best Osmanthus Tea Brands of 2024,,1,The Best Osmanthus Tea Brands of 2024 ,1
Verdant Tea Big Red Robe Wuyi Oolong Tea Review,,2,Verdant Tea Big Red Robe Wuyi Oolong Tea Review ,1
The Best Tulsi (Holy Basil) Tea Brands of 2023,,4,The Best Tulsi (Holy Basil) Tea Brands of 2023 ,1
Best Apps to Watch Anime for Free - Top 15,,1,Best Apps to Watch Anime for Free - Top 15 ,1
The best glass cleaner I have come across,"This stuff is amazing. When you spray it on, it foams up a little bit. Give it a few seconds and then wipe the foam off with a cloth rag. It doesn’t damage the windows at all, and because it works so well, you really only have to use it once every few weeks or so.",23,"The best glass cleaner I have come across This stuff is amazing. When you spray it on, it foams up a little bit. Give it a few seconds and then wipe the foam off with a cloth rag. It doesn’t damage the windows at all, and because it works so well, you really only have to use it once every few weeks or so.",1
Laundry Sauce Pods: Honest reviews from actual customers???,,31,Laundry Sauce Pods: Honest reviews from actual customers??? ,1
Frigidaire professional refrigerators are horrible and customer service is awful,"A warning about buying ANY product from Frigidaire. On October 7, 2020 we remodeled our kitchen and purchased a new Frigidaire Professional model #PRMC2285AF.  In December 2022 the refrigerator failed and would not cool. 

A service call to a provider from the Frigidaire web site resulted in a determination the failure was the compressor. At two years old the compressor of a $3500 refrigerator stops working?? The service repairman indicated the part was covered since it was a part of the “closed system.” A couple weeks later we get a call from that same company now explaining the part is not covered.

Ultimately, following numerous calls and emails we decided to give up and pay for the repairs.  On January 26 we paid over $1,000 for the refrigerator to be fixed. The repairs were directly with Electrolux Home Products, Inc., 10200 David Taylor Drive, Charlotte, NC.

On February 4, 2023 1:52 pm I sent an email seeking an update on when I could expect the repair to take place. No reply.  On February 7 at 9:14 pm I again sent an email seeking clarification on when the refrigerator would be repaired. Again, no response.

On March 2 at 11:33 am I called Electrolux 1 855 224-4987 to seek an update. I was told they had no timeframe as to when they would be able to fix the refrigerator.

I tried the chat option and communicated with “Mark” on March 2 between 12:16 pm and 12:34 pm. Ultimately “Mark” told me he had no information as to when I could expect the repair to take place.

I asked the following question:
“So you have no information? I am just supposed to wait for some unspecified time to “hope” you finally fix my refrigerator at some point?”

Mark’s two word reply was “Yes Kevin.”

Keep in mind this is their help line and that is their attitude towards people who purchased their products!! 

I received a call from Frigidaire on March 20 at 1:15 pm and was informed that they “hoped to have the part by May 15.”

I followed up today March 28 and spoke eith Shea. I was told they were not sure when the refrigerator would be fixed but they hoped the part would be available in May.

The lack of customer service by Electrolux is as reprehensible as any company I’ve ever worked with. I will never, and I would caution others, to seek other appliance manufacturers who actually care about their customers. In addition, seek out alternatives to Electrolux as the failure of a critical and expensive part of the unit failing in only 2 years is not acceptable in my view.",16,"Frigidaire professional refrigerators are horrible and customer service is awful A warning about buying ANY product from Frigidaire. On October 7, 2020 we remodeled our kitchen and purchased a new Frigidaire Professional model #PRMC2285AF.  In December 2022 the refrigerator failed and would not cool. 

A service call to a provider from the Frigidaire web site resulted in a determination the failure was the compressor. At two years old the compressor of a $3500 refrigerator stops working?? The service repairman indicated the part was covered since it was a part of the “closed system.” A couple weeks later we get a call from that same company now explaining the part is not covered.

Ultimately, following numerous calls and emails we decided to give up and pay for the repairs.  On January 26 we paid over $1,000 for the refrigerator to be fixed. The repairs were directly with Electrolux Home Products, Inc., 10200 David Taylor Drive, Charlotte, NC.

On February 4, 2023 1:52 pm I sent an email seeking an update on when I could expect the repair to take place. No reply.  On February 7 at 9:14 pm I again sent an email seeking clarification on when the refrigerator would be repaired. Again, no response.

On March 2 at 11:33 am I called Electrolux 1 855 224-4987 to seek an update. I was told they had no timeframe as to when they would be able to fix the refrigerator.

I tried the chat option and communicated with “Mark” on March 2 between 12:16 pm and 12:34 pm. Ultimately “Mark” told me he had no information as to when I could expect the repair to take place.

I asked the following question:
“So you have no information? I am just supposed to wait for some unspecified time to “hope” you finally fix my refrigerator at some point?”

Mark’s two word reply was “Yes Kevin.”

Keep in mind this is their help line and that is their attitude towards people who purchased their products!! 

I received a call from Frigidaire on March 20 at 1:15 pm and was informed that they “hoped to have the part by May 15.”

I followed up today March 28 and spoke eith Shea. I was told they were not sure when the refrigerator would be fixed but they hoped the part would be available in May.

The lack of customer service by Electrolux is as reprehensible as any company I’ve ever worked with. I will never, and I would caution others, to seek other appliance manufacturers who actually care about their customers. In addition, seek out alternatives to Electrolux as the failure of a critical and expensive part of the unit failing in only 2 years is not acceptable in my view.",1
Skullshaver by Pitbull,"Don’t fall for there ads. I bought a Skullshaver pitbull Gold about a year ago. In the first shave of my nearly bald head with the product the blades locked up and the shaver just stopped working. 

I contacted there customer support and they had me ship the defective blade back to them and sent me a knew one fairly quick. The issue was this blade did the exact same. 

I even Pre Shaved my longer hair with a regular shaver before using it scared the longer hair was the issue. You shouldn’t have to Pre Shave to use a shaver and it didn’t help half way through my shave the blades once again locked up and froze in place. At this point I was just fed up with it and put it to the side to busy to deal with it.

Then came the Unrelenting ads. Id get nothing but Pitbull shavers on my Facebook feed emails daily selling me more products. Id request to be removed and they would stop for a month before a new batch would flood in. I even spam blocked them and somehow they kept getting through.

Well im sick of it i wasted nearly 100$ on this product and Nobody seems to give them any bad reviews. I am. Don’t waste your money the shaver Dose Not Work…",9,"Skullshaver by Pitbull Don’t fall for there ads. I bought a Skullshaver pitbull Gold about a year ago. In the first shave of my nearly bald head with the product the blades locked up and the shaver just stopped working. 

I contacted there customer support and they had me ship the defective blade back to them and sent me a knew one fairly quick. The issue was this blade did the exact same. 

I even Pre Shaved my longer hair with a regular shaver before using it scared the longer hair was the issue. You shouldn’t have to Pre Shave to use a shaver and it didn’t help half way through my shave the blades once again locked up and froze in place. At this point I was just fed up with it and put it to the side to busy to deal with it.

Then came the Unrelenting ads. Id get nothing but Pitbull shavers on my Facebook feed emails daily selling me more products. Id request to be removed and they would stop for a month before a new batch would flood in. I even spam blocked them and somehow they kept getting through.

Well im sick of it i wasted nearly 100$ on this product and Nobody seems to give them any bad reviews. I am. Don’t waste your money the shaver Dose Not Work…",1
"Washer/Dryer combo units. Problems, things to look out for? Are they quiet enough? I'm looking specifically at Samsung 8.5kg/6kg Washer Dryer Combo WD85T4046CE. Go for it or think twice?",,2,"Washer/Dryer combo units. Problems, things to look out for? Are they quiet enough? I'm looking specifically at Samsung 8.5kg/6kg Washer Dryer Combo WD85T4046CE. Go for it or think twice? ",1
Thinking of getting one of these car HUD’s. Has anyone got one? Would be keen to see a review.,,9,Thinking of getting one of these car HUD’s. Has anyone got one? Would be keen to see a review. ,1
Jabra Evolve 75 UC headset lasted 2 years before the microphone stopped working,,6,Jabra Evolve 75 UC headset lasted 2 years before the microphone stopped working ,1
"SOG Powertool - Free for life! Issued by the military, been around the world and replaced for free by SOG when it wore out without any quibbles!",,4,"SOG Powertool - Free for life! Issued by the military, been around the world and replaced for free by SOG when it wore out without any quibbles! ",1
Had a pair of vintage Snap On pliers that weren't cutting it anymore - Snap On's lifetime guarantee sent me a new pair for free,,6,Had a pair of vintage Snap On pliers that weren't cutting it anymore - Snap On's lifetime guarantee sent me a new pair for free ,1
Glorious Model O- mouse still going strong after 2.5 years of use,"**Condition:** Still In Use

**Years Owned:** 2.5 years

**Usage:** Daily

**Stress points:** Couple LEDS turned turquoise. Most of the time RGB was set to pinkish color. Even changed DPI led to the same color, no difference.

**Positive Remarks:** \- 

* Side buttons are nice, good placement.
* Having option to save 3 DPI settings and choosing color for each one.
* On the pic it wasn't cleaned but for the past 2.5 years I did open the palm part couple of times and cleaned it.

**Price Paid:** $40   **Cost per Month:** $1.33

**Would you buy it again?** Yes

[View Post](https://www.looria.com/reviews/details/geforce-rtx-2080-super-8gb-rog-strix/63b92cb922bc1d000403bba9)

[Submit a longevity review](https://www.looria.com/reviews/submission)",3,"Glorious Model O- mouse still going strong after 2.5 years of use **Condition:** Still In Use

**Years Owned:** 2.5 years

**Usage:** Daily

**Stress points:** Couple LEDS turned turquoise. Most of the time RGB was set to pinkish color. Even changed DPI led to the same color, no difference.

**Positive Remarks:** \- 

* Side buttons are nice, good placement.
* Having option to save 3 DPI settings and choosing color for each one.
* On the pic it wasn't cleaned but for the past 2.5 years I did open the palm part couple of times and cleaned it.

**Price Paid:** $40   **Cost per Month:** $1.33

**Would you buy it again?** Yes

[View Post](https://www.looria.com/reviews/details/geforce-rtx-2080-super-8gb-rog-strix/63b92cb922bc1d000403bba9)

[Submit a longevity review](https://www.looria.com/reviews/submission)",1
Asus GeForce RTX 2080 SUPER 8GB ROG STRIX review after 3 years of use,"**Condition:** Still In Use

**Years Owned:** 3 years

**Usage:** Daily

**Stress points:** Fans rattles loudly at loads while gaming. (extremely prevalent on these strix coolers) Coilwhine

**Positive Remarks:** Temps are good

**Would you buy it again?** No

[View Post](https://www.looria.com/reviews/details/geforce-rtx-2080-super-8gb-rog-strix/63b92cb922bc1d000403bba9)

[Submit a review](https://www.looria.com/reviews/submission)",6,"Asus GeForce RTX 2080 SUPER 8GB ROG STRIX review after 3 years of use **Condition:** Still In Use

**Years Owned:** 3 years

**Usage:** Daily

**Stress points:** Fans rattles loudly at loads while gaming. (extremely prevalent on these strix coolers) Coilwhine

**Positive Remarks:** Temps are good

**Would you buy it again?** No

[View Post](https://www.looria.com/reviews/details/geforce-rtx-2080-super-8gb-rog-strix/63b92cb922bc1d000403bba9)

[Submit a review](https://www.looria.com/reviews/submission)",1
What are some scathing reviews you’ve seen for objects you wouldn’t expect people to get so passionate about?,,7,What are some scathing reviews you’ve seen for objects you wouldn’t expect people to get so passionate about? ,1
Grip 6 Ninja Belt still going strong after 4 years of use - no moving parts that can break,,10,Grip 6 Ninja Belt still going strong after 4 years of use - no moving parts that can break ,1
Felco 2 Pruning Shears still going strong after 3 years of use - great grip and very durable,"**Condition:** Still In Use

**Years Owned:** 3 years

**Usage:** Weekly

**Positive Remarks:** Great grip and very durable. Precision made, and you can get every replacement part from Felco.

**Negative Remarks:** None so far

**Price Paid:** $60   **Cost per Month:** $1.67

**Would you buy it again?** Yes

https://preview.redd.it/2fvvt1892v6a1.png?width=1000&format=png&auto=webp&s=60f2ae340e3d05810f251039e321a2fd12727e89

[View Post](https://www.exitreviews.com/details/2-pruning-shear/639dc657f4dd9500042ebe83)

[Submit a longevity review](https://www.looria.com/reviews/submission)

What's your experience with Felco products or alternatives?",12,"Felco 2 Pruning Shears still going strong after 3 years of use - great grip and very durable **Condition:** Still In Use

**Years Owned:** 3 years

**Usage:** Weekly

**Positive Remarks:** Great grip and very durable. Precision made, and you can get every replacement part from Felco.

**Negative Remarks:** None so far

**Price Paid:** $60   **Cost per Month:** $1.67

**Would you buy it again?** Yes

https://preview.redd.it/2fvvt1892v6a1.png?width=1000&format=png&auto=webp&s=60f2ae340e3d05810f251039e321a2fd12727e89

[View Post](https://www.exitreviews.com/details/2-pruning-shear/639dc657f4dd9500042ebe83)

[Submit a longevity review](https://www.looria.com/reviews/submission)

What's your experience with Felco products or alternatives?",1
How is r/ProductReviews different from r/BuyItForLife?,"Since people pointed out that this sub is similar to r/BuyItForLife, I want to explain how and why we're different:

**The main frustrations with** r/BuyItForLife

1. Products that aren’t available for purchase anymore
2. Mostly USA related
3. Finding specific products/ Database system/ Bad search
4. Repetitive posts/requests
5. Old products that are unused/not frequently used
6. Hard to track changing opinions on brands over the years
7. It's centered around certain categories
8. Finding affordable options

As some user put it:

* ""Of course your fucking hammer works 20 years later shieeet""
* ""It's mostly people bragging about old staplers""
* ""Endless pictures of peoples' old belts and coffee grinders.""
* ""People posting their great-grandparents' Black & Decker boasting how ""it's still chugging along and they don't make them like this anymore""
* ""Mostly products from 60s, or complaints about change""
* ""do the people with 30 year old microwave ovens know that it doesn't take 25 minutes for a frozen lasagna to cook?""

**We want to address these points.**

* We're focused on structured longevity reviews that allow us to calculate metrics like the cost of ownership per month, what % would buy it again, etc.
* Our Reddit bot will send you a reminder to update the status of your product reviews regularly (customizable interval)
* We have a crowdsourced database with all the reviews, which makes finding and researching products and brands very easy. Even if a product is not available anymore, the data is still useful on an aggregated brand level.
* We try to avoid posts of very ancient products that are barely used.",17,"How is r/ProductReviews different from r/BuyItForLife? Since people pointed out that this sub is similar to r/BuyItForLife, I want to explain how and why we're different:

**The main frustrations with** r/BuyItForLife

1. Products that aren’t available for purchase anymore
2. Mostly USA related
3. Finding specific products/ Database system/ Bad search
4. Repetitive posts/requests
5. Old products that are unused/not frequently used
6. Hard to track changing opinions on brands over the years
7. It's centered around certain categories
8. Finding affordable options

As some user put it:

* ""Of course your fucking hammer works 20 years later shieeet""
* ""It's mostly people bragging about old staplers""
* ""Endless pictures of peoples' old belts and coffee grinders.""
* ""People posting their great-grandparents' Black & Decker boasting how ""it's still chugging along and they don't make them like this anymore""
* ""Mostly products from 60s, or complaints about change""
* ""do the people with 30 year old microwave ovens know that it doesn't take 25 minutes for a frozen lasagna to cook?""

**We want to address these points.**

* We're focused on structured longevity reviews that allow us to calculate metrics like the cost of ownership per month, what % would buy it again, etc.
* Our Reddit bot will send you a reminder to update the status of your product reviews regularly (customizable interval)
* We have a crowdsourced database with all the reviews, which makes finding and researching products and brands very easy. Even if a product is not available anymore, the data is still useful on an aggregated brand level.
* We try to avoid posts of very ancient products that are barely used.",1
"Moer Sky Dog Training Collar, Upgraded 100% Waterproof Rechargeable",,1,"Moer Sky Dog Training Collar, Upgraded 100% Waterproof Rechargeable ",1
Have Conformed Nicely to My Feet,,1,Have Conformed Nicely to My Feet ,1
My 10 year old sons unboxing and attempted review of Blue snowball ice mic and Elgato game capture,https://youtu.be/LSK62ZcHiYA,1,My 10 year old sons unboxing and attempted review of Blue snowball ice mic and Elgato game capture https://youtu.be/LSK62ZcHiYA,1
"Not the Best Grinder, But a Terrific Collectable & Conversation Starter",,2,"Not the Best Grinder, But a Terrific Collectable & Conversation Starter ",1
"Plush, Sturdy Door Mat - Not a Thin, Easy-to-Wear-Through Mat",,0,"Plush, Sturdy Door Mat - Not a Thin, Easy-to-Wear-Through Mat ",0
Individual Motion Detector Ideal For Little Used Door Or Exterior Building,,1,Individual Motion Detector Ideal For Little Used Door Or Exterior Building ,1
"My Dogs Do NOT Respond to Shock, But the Tone Makes Them Pay Attention",,2,"My Dogs Do NOT Respond to Shock, But the Tone Makes Them Pay Attention ",1
"I’ve Mentioned My Knee Other Times, This is One More Trial at Finding the Best Knee Sleeve",,1,"I’ve Mentioned My Knee Other Times, This is One More Trial at Finding the Best Knee Sleeve ",1
"Been Wanting Something Like this Awhile, Finally Found the Right One",,1,"Been Wanting Something Like this Awhile, Finally Found the Right One ",1
What a Great Toy for Many Ages,,0,What a Great Toy for Many Ages ,0
Mynt Shiatsu Massage Pillow,,2,Mynt Shiatsu Massage Pillow ,1
Black Box Unboxing | Black Box 2017 | #BlackBox #BlackBoxAU,,1,Black Box Unboxing | Black Box 2017 | #BlackBox #BlackBoxAU ,1
2nd Charcoal Mask I’ve Tried,,1,2nd Charcoal Mask I’ve Tried ,1
Awesome Hunting Gear Review.,,1,Awesome Hunting Gear Review. ,1
Funny Pool Poop emoji review!,,1,Funny Pool Poop emoji review! ,1
AWESOME INEXPENSIVE COMPRESSOR REVIEW,,1,AWESOME INEXPENSIVE COMPRESSOR REVIEW ,1
"GOOD Water Shoes, NOT Cheapo Crap",,2,"GOOD Water Shoes, NOT Cheapo Crap ",1
Baby Jogger 2016 City Mini Double Stroller Review,,1,Baby Jogger 2016 City Mini Double Stroller Review ,1
Seriously Well Made Clipper Set Can Save HUNDREDS of Dollars in Pet Grooming,,1,Seriously Well Made Clipper Set Can Save HUNDREDS of Dollars in Pet Grooming ,1
Iphone Case made from body armor material.,,1,Iphone Case made from body armor material. ,1
You a 90s kid?,What memory you have of the 90's? I almost went rolling on the floor asking my nephew if he knows (me SHOWING HIM A CASSETTE RECORDER) how to record on a cassette tape.,1,You a 90s kid? What memory you have of the 90's? I almost went rolling on the floor asking my nephew if he knows (me SHOWING HIM A CASSETTE RECORDER) how to record on a cassette tape.,1
BEEN Wanting Something Like this but No Auxiliary Port,,1,BEEN Wanting Something Like this but No Auxiliary Port ,1
Nice Addition To Kitchen Knife Collection,,1,Nice Addition To Kitchen Knife Collection ,1
Really Neat Device,,1,Really Neat Device ,1
"Here I give a review on the all too famous ""Inflatable Lounger"" We all have our opinions, here's mine...with a twist!",,1,"Here I give a review on the all too famous ""Inflatable Lounger"" We all have our opinions, here's mine...with a twist! ",1
I Got Mom One for Her Health,,2,I Got Mom One for Her Health ,1
Best DustBuster For Hardwood Floors Reviews 2017,,1,Best DustBuster For Hardwood Floors Reviews 2017 ,1
Innovative Air Freshener - Not Ordinary Convenient Store Air Freshener,,1,Innovative Air Freshener - Not Ordinary Convenient Store Air Freshener ,1
I Don’t Even Want to Get This Dirty,,1,I Don’t Even Want to Get This Dirty ,1
My Nephew (and My Brother) LOVES These Things!!,,0,My Nephew (and My Brother) LOVES These Things!! ,0
Wish ALL My Tarps Were This Thick and Durable,,0,Wish ALL My Tarps Were This Thick and Durable ,0
Budget microphone for new film makers!,,1,Budget microphone for new film makers! ,1
"Thought I Had Found the BEST Before, THIS Is The Better of the Two!",,0,"Thought I Had Found the BEST Before, THIS Is The Better of the Two! ",0
Got This For Mom and She is in LOVE!,,1,Got This For Mom and She is in LOVE! ,1
Tried Several - These are Terrific!,,1,Tried Several - These are Terrific! ,1
One Outlet At A Time - Got The Single To Start,,1,One Outlet At A Time - Got The Single To Start ,1
Terrific Stuff - According to Mom & What I See it Has Done,,1,Terrific Stuff - According to Mom & What I See it Has Done ,1
iPhone Lens 7 Plus Kit Puts all Your Camera Needs Into One Device,,2,iPhone Lens 7 Plus Kit Puts all Your Camera Needs Into One Device ,1
"Healthy, Beautiful AFFORDABLE Himalayan Salt Lamp",,2,"Healthy, Beautiful AFFORDABLE Himalayan Salt Lamp ",1
wtf?? charcoal for teeth whitening?,,0,wtf?? charcoal for teeth whitening? ,0
Got for Mom and She LOVES It,,0,Got for Mom and She LOVES It ,0
Type-C Adapter has Many Uses,,1,Type-C Adapter has Many Uses ,1
"Heard Lots, Just HAD to Try",,1,"Heard Lots, Just HAD to Try ",1
Hoping My Cats Are Enjoying,,1,Hoping My Cats Are Enjoying ,1
"Super Comfortable, I Sleep Like Baby",,0,"Super Comfortable, I Sleep Like Baby ",0
Best Wired Phone Headset Reviews and Comparison 2017,,1,Best Wired Phone Headset Reviews and Comparison 2017 ,1
Essential Oils are Just That - Essential,,1,Essential Oils are Just That - Essential ,1
Testing Various Meat Thermometers - This One has Great Features,"I have been testing various meat thermometers as I learn the art of smoking various meats and this one has come very unique features. When the prong is extended, the thermometer automatically turns on. This is the fastest of all the thermometers I have tested reading in as few as 4 seconds so no waiting. It reads the temperature aloud to you so you needn’t stick your head in the hot oven or over the coals although it has a bright LCD screen with a digital readout. The retractable probe makes storage a synch and once closed,  turns off automatically. This comes in a nice box along with a temperature chart, manual, Velcro circles for hanging in an out-of-the-way place. A lifetime warranty makes this a very good deal as well as a very good cooking thermometer. 

#McNeilGraphix #PurchasesMadeSimple #Amazon #AmazonPrime #Kizen #KizenDigitalMeat&CookingThermometer
",1,"Testing Various Meat Thermometers - This One has Great Features I have been testing various meat thermometers as I learn the art of smoking various meats and this one has come very unique features. When the prong is extended, the thermometer automatically turns on. This is the fastest of all the thermometers I have tested reading in as few as 4 seconds so no waiting. It reads the temperature aloud to you so you needn’t stick your head in the hot oven or over the coals although it has a bright LCD screen with a digital readout. The retractable probe makes storage a synch and once closed,  turns off automatically. This comes in a nice box along with a temperature chart, manual, Velcro circles for hanging in an out-of-the-way place. A lifetime warranty makes this a very good deal as well as a very good cooking thermometer. 

#McNeilGraphix #PurchasesMadeSimple #Amazon #AmazonPrime #Kizen #KizenDigitalMeat&CookingThermometer
",1
Low Standing Won’t Break at the Base Like the Last One - Great!,,1,Low Standing Won’t Break at the Base Like the Last One - Great! ,1
Got for Mom and She LOVES It,"I simply LOVE tops like this! I do not want clingy so this long, tunic-ike top drapes perfectly on me, is super stretchy, and no risk of shrinkage. I cannot wait for the Fall weather to begin wearing this over leggings. THESE are the type clothes I like - loose fitting, not clingy, not accentuating anything but hanging loosely over my behind and perfect for leggings! Colors are a warm  I am a cool but this doesn’t look bad on me, no one thinks, as the peach is not orange and black and white work for anyone. Black leggings & boots or flats - make for a really cute look.

#McNeilGraphix #PurchasesMadeSimple #Amazon #AmazonPrime #ENJOYNIGHT #ENJOYNIGHTWomensCasual",1,"Got for Mom and She LOVES It I simply LOVE tops like this! I do not want clingy so this long, tunic-ike top drapes perfectly on me, is super stretchy, and no risk of shrinkage. I cannot wait for the Fall weather to begin wearing this over leggings. THESE are the type clothes I like - loose fitting, not clingy, not accentuating anything but hanging loosely over my behind and perfect for leggings! Colors are a warm  I am a cool but this doesn’t look bad on me, no one thinks, as the peach is not orange and black and white work for anyone. Black leggings & boots or flats - make for a really cute look.

#McNeilGraphix #PurchasesMadeSimple #Amazon #AmazonPrime #ENJOYNIGHT #ENJOYNIGHTWomensCasual",1
Glacial mud Mask Trial - NuSkin,"I was hesitant to use anything on my face as i'd suffer with zits or allergies if the product is harsh or ""incompatible"" with my skin. So I asked if a trial pack is available and they do have and skin patch test it first, no reaction. Product label says its all natural. So after finally putting it on my face, I felt a bit of sting and tightening I kinda panicked and wanted to take it off immediately but I have read that it is part of the cleansing, so I went on drying it up on my face and then rinsed it after the required time to leave it on my skin. I didn't find the experience enjoyable like the other masks I would get over the counter, because of the sting, maybe. But I would like to try it again, this maybe a product that needs frequent using before you find any changes or satisfactory result. ",1,"Glacial mud Mask Trial - NuSkin I was hesitant to use anything on my face as i'd suffer with zits or allergies if the product is harsh or ""incompatible"" with my skin. So I asked if a trial pack is available and they do have and skin patch test it first, no reaction. Product label says its all natural. So after finally putting it on my face, I felt a bit of sting and tightening I kinda panicked and wanted to take it off immediately but I have read that it is part of the cleansing, so I went on drying it up on my face and then rinsed it after the required time to leave it on my skin. I didn't find the experience enjoyable like the other masks I would get over the counter, because of the sting, maybe. But I would like to try it again, this maybe a product that needs frequent using before you find any changes or satisfactory result. ",1
What are some really cool food products/kitchen gadgets that are out there?,Looking to try out some new products in the kitchen and was wondering if anyone has stumbled across anything new or interesting recently. ,2,What are some really cool food products/kitchen gadgets that are out there? Looking to try out some new products in the kitchen and was wondering if anyone has stumbled across anything new or interesting recently. ,1
Ever Been Swimming and Wound Up with Very Dry Skin?,,0,Ever Been Swimming and Wound Up with Very Dry Skin? ,0
Tactical CREE LED Flashlight Review - LUMIZOOM LZ250g,,3,Tactical CREE LED Flashlight Review - LUMIZOOM LZ250g ,1
They Said it Can't Be Ripped...,,4,They Said it Can't Be Ripped... ,1
"Introducing a new rewards system for honest, in-depth product reviews","There are no incentives for consumers to write honest in-depth reviews on platforms like Amazon. Why would you produce content for a retailer for free? Many sellers started giving out free products in exchange for positive reviews, which was the start of the whole fake reviews crisis.

People now come to Reddit for reviews because Redditors and other forum members are interested in boosting their ego by showing their depth of knowledge on the topic (and correcting others on the topic).

We're now announcing a new rewards system for high-quality reviews on our subreddit! This system is designed to incentivize users to write detailed, well-written reviews that provide valuable information to other users.

Here's how it will work:

* Users who write reviews will earn points based on the quality of their reviews. The points will be determined by a combination of factors such as the length and detail of the review, the overall helpfulness of the review to other users, and the number of upvotes or positive feedback the review receives.
* Users then get a chance to win a gift cards or discount each month. It's entirely crowdfunded and we start with $100 for January.
* We have strong policies to ensure the authenticity and integrity of the reviews. More on that in another post.

We hope you'll join us in this effort to improve the quality of reviews on reddit, and we look forward to seeing all of the great reviews you'll be sharing with the community!",14,"Introducing a new rewards system for honest, in-depth product reviews There are no incentives for consumers to write honest in-depth reviews on platforms like Amazon. Why would you produce content for a retailer for free? Many sellers started giving out free products in exchange for positive reviews, which was the start of the whole fake reviews crisis.

People now come to Reddit for reviews because Redditors and other forum members are interested in boosting their ego by showing their depth of knowledge on the topic (and correcting others on the topic).

We're now announcing a new rewards system for high-quality reviews on our subreddit! This system is designed to incentivize users to write detailed, well-written reviews that provide valuable information to other users.

Here's how it will work:

* Users who write reviews will earn points based on the quality of their reviews. The points will be determined by a combination of factors such as the length and detail of the review, the overall helpfulness of the review to other users, and the number of upvotes or positive feedback the review receives.
* Users then get a chance to win a gift cards or discount each month. It's entirely crowdfunded and we start with $100 for January.
* We have strong policies to ensure the authenticity and integrity of the reviews. More on that in another post.

We hope you'll join us in this effort to improve the quality of reviews on reddit, and we look forward to seeing all of the great reviews you'll be sharing with the community!",1
The Best Genmaicha Tea Brands of the Year,Genmaicha is a traditional Japanese tea that blends green tea with roasted brown rice.,2,The Best Genmaicha Tea Brands of the Year Genmaicha is a traditional Japanese tea that blends green tea with roasted brown rice.,1
First time drinking Rammstein Rum!,[https://youtu.be/Qx2c7V6gUNA](https://youtu.be/Qx2c7V6gUNA),3,First time drinking Rammstein Rum! [https://youtu.be/Qx2c7V6gUNA](https://youtu.be/Qx2c7V6gUNA),1
IKEA Stenkol Battery Charger Review,"I have been using my Duracell CEF14 battery charger to charge my Panasonic EVOLTA and IKEA Ladda batteries for a long time. For some reason, my CEF14 charger started not to charge my IKEA batteries fully and decided to buy IKEA STENKOL charger. I’m using it for about 6 months and this time is enough to make [IKEA Stenkol battery charger review](https://www.izreview.com/ikea-stenkol-battery-charger-review/).

",3,"IKEA Stenkol Battery Charger Review I have been using my Duracell CEF14 battery charger to charge my Panasonic EVOLTA and IKEA Ladda batteries for a long time. For some reason, my CEF14 charger started not to charge my IKEA batteries fully and decided to buy IKEA STENKOL charger. I’m using it for about 6 months and this time is enough to make [IKEA Stenkol battery charger review](https://www.izreview.com/ikea-stenkol-battery-charger-review/).

",1
Café Bustelo Coffee Review,,2,Café Bustelo Coffee Review ,1
Café Bustelo Coffee Review,,2,Café Bustelo Coffee Review ,1
The Best Kenyan Coffee Bean Brands of the Year,,2,The Best Kenyan Coffee Bean Brands of the Year ,1
A List of Popular Peaberry Coffee Bean Brands,,1,A List of Popular Peaberry Coffee Bean Brands ,1
The Best Osmanthus Tea Brands of 2024,,1,The Best Osmanthus Tea Brands of 2024 ,1
Verdant Tea Big Red Robe Wuyi Oolong Tea Review,,2,Verdant Tea Big Red Robe Wuyi Oolong Tea Review ,1
The Best Tulsi (Holy Basil) Tea Brands of 2023,,6,The Best Tulsi (Holy Basil) Tea Brands of 2023 ,1
Best Apps to Watch Anime for Free - Top 15,,1,Best Apps to Watch Anime for Free - Top 15 ,1
The best glass cleaner I have come across,"This stuff is amazing. When you spray it on, it foams up a little bit. Give it a few seconds and then wipe the foam off with a cloth rag. It doesn’t damage the windows at all, and because it works so well, you really only have to use it once every few weeks or so.",22,"The best glass cleaner I have come across This stuff is amazing. When you spray it on, it foams up a little bit. Give it a few seconds and then wipe the foam off with a cloth rag. It doesn’t damage the windows at all, and because it works so well, you really only have to use it once every few weeks or so.",1
Laundry Sauce Pods: Honest reviews from actual customers???,,35,Laundry Sauce Pods: Honest reviews from actual customers??? ,1
Frigidaire professional refrigerators are horrible and customer service is awful,"A warning about buying ANY product from Frigidaire. On October 7, 2020 we remodeled our kitchen and purchased a new Frigidaire Professional model #PRMC2285AF.  In December 2022 the refrigerator failed and would not cool. 

A service call to a provider from the Frigidaire web site resulted in a determination the failure was the compressor. At two years old the compressor of a $3500 refrigerator stops working?? The service repairman indicated the part was covered since it was a part of the “closed system.” A couple weeks later we get a call from that same company now explaining the part is not covered.

Ultimately, following numerous calls and emails we decided to give up and pay for the repairs.  On January 26 we paid over $1,000 for the refrigerator to be fixed. The repairs were directly with Electrolux Home Products, Inc., 10200 David Taylor Drive, Charlotte, NC.

On February 4, 2023 1:52 pm I sent an email seeking an update on when I could expect the repair to take place. No reply.  On February 7 at 9:14 pm I again sent an email seeking clarification on when the refrigerator would be repaired. Again, no response.

On March 2 at 11:33 am I called Electrolux 1 855 224-4987 to seek an update. I was told they had no timeframe as to when they would be able to fix the refrigerator.

I tried the chat option and communicated with “Mark” on March 2 between 12:16 pm and 12:34 pm. Ultimately “Mark” told me he had no information as to when I could expect the repair to take place.

I asked the following question:
“So you have no information? I am just supposed to wait for some unspecified time to “hope” you finally fix my refrigerator at some point?”

Mark’s two word reply was “Yes Kevin.”

Keep in mind this is their help line and that is their attitude towards people who purchased their products!! 

I received a call from Frigidaire on March 20 at 1:15 pm and was informed that they “hoped to have the part by May 15.”

I followed up today March 28 and spoke eith Shea. I was told they were not sure when the refrigerator would be fixed but they hoped the part would be available in May.

The lack of customer service by Electrolux is as reprehensible as any company I’ve ever worked with. I will never, and I would caution others, to seek other appliance manufacturers who actually care about their customers. In addition, seek out alternatives to Electrolux as the failure of a critical and expensive part of the unit failing in only 2 years is not acceptable in my view.",15,"Frigidaire professional refrigerators are horrible and customer service is awful A warning about buying ANY product from Frigidaire. On October 7, 2020 we remodeled our kitchen and purchased a new Frigidaire Professional model #PRMC2285AF.  In December 2022 the refrigerator failed and would not cool. 

A service call to a provider from the Frigidaire web site resulted in a determination the failure was the compressor. At two years old the compressor of a $3500 refrigerator stops working?? The service repairman indicated the part was covered since it was a part of the “closed system.” A couple weeks later we get a call from that same company now explaining the part is not covered.

Ultimately, following numerous calls and emails we decided to give up and pay for the repairs.  On January 26 we paid over $1,000 for the refrigerator to be fixed. The repairs were directly with Electrolux Home Products, Inc., 10200 David Taylor Drive, Charlotte, NC.

On February 4, 2023 1:52 pm I sent an email seeking an update on when I could expect the repair to take place. No reply.  On February 7 at 9:14 pm I again sent an email seeking clarification on when the refrigerator would be repaired. Again, no response.

On March 2 at 11:33 am I called Electrolux 1 855 224-4987 to seek an update. I was told they had no timeframe as to when they would be able to fix the refrigerator.

I tried the chat option and communicated with “Mark” on March 2 between 12:16 pm and 12:34 pm. Ultimately “Mark” told me he had no information as to when I could expect the repair to take place.

I asked the following question:
“So you have no information? I am just supposed to wait for some unspecified time to “hope” you finally fix my refrigerator at some point?”

Mark’s two word reply was “Yes Kevin.”

Keep in mind this is their help line and that is their attitude towards people who purchased their products!! 

I received a call from Frigidaire on March 20 at 1:15 pm and was informed that they “hoped to have the part by May 15.”

I followed up today March 28 and spoke eith Shea. I was told they were not sure when the refrigerator would be fixed but they hoped the part would be available in May.

The lack of customer service by Electrolux is as reprehensible as any company I’ve ever worked with. I will never, and I would caution others, to seek other appliance manufacturers who actually care about their customers. In addition, seek out alternatives to Electrolux as the failure of a critical and expensive part of the unit failing in only 2 years is not acceptable in my view.",1
Skullshaver by Pitbull,"Don’t fall for there ads. I bought a Skullshaver pitbull Gold about a year ago. In the first shave of my nearly bald head with the product the blades locked up and the shaver just stopped working. 

I contacted there customer support and they had me ship the defective blade back to them and sent me a knew one fairly quick. The issue was this blade did the exact same. 

I even Pre Shaved my longer hair with a regular shaver before using it scared the longer hair was the issue. You shouldn’t have to Pre Shave to use a shaver and it didn’t help half way through my shave the blades once again locked up and froze in place. At this point I was just fed up with it and put it to the side to busy to deal with it.

Then came the Unrelenting ads. Id get nothing but Pitbull shavers on my Facebook feed emails daily selling me more products. Id request to be removed and they would stop for a month before a new batch would flood in. I even spam blocked them and somehow they kept getting through.

Well im sick of it i wasted nearly 100$ on this product and Nobody seems to give them any bad reviews. I am. Don’t waste your money the shaver Dose Not Work…",10,"Skullshaver by Pitbull Don’t fall for there ads. I bought a Skullshaver pitbull Gold about a year ago. In the first shave of my nearly bald head with the product the blades locked up and the shaver just stopped working. 

I contacted there customer support and they had me ship the defective blade back to them and sent me a knew one fairly quick. The issue was this blade did the exact same. 

I even Pre Shaved my longer hair with a regular shaver before using it scared the longer hair was the issue. You shouldn’t have to Pre Shave to use a shaver and it didn’t help half way through my shave the blades once again locked up and froze in place. At this point I was just fed up with it and put it to the side to busy to deal with it.

Then came the Unrelenting ads. Id get nothing but Pitbull shavers on my Facebook feed emails daily selling me more products. Id request to be removed and they would stop for a month before a new batch would flood in. I even spam blocked them and somehow they kept getting through.

Well im sick of it i wasted nearly 100$ on this product and Nobody seems to give them any bad reviews. I am. Don’t waste your money the shaver Dose Not Work…",1
"Washer/Dryer combo units. Problems, things to look out for? Are they quiet enough? I'm looking specifically at Samsung 8.5kg/6kg Washer Dryer Combo WD85T4046CE. Go for it or think twice?",,2,"Washer/Dryer combo units. Problems, things to look out for? Are they quiet enough? I'm looking specifically at Samsung 8.5kg/6kg Washer Dryer Combo WD85T4046CE. Go for it or think twice? ",1
Thinking of getting one of these car HUD’s. Has anyone got one? Would be keen to see a review.,,8,Thinking of getting one of these car HUD’s. Has anyone got one? Would be keen to see a review. ,1
Jabra Evolve 75 UC headset lasted 2 years before the microphone stopped working,,6,Jabra Evolve 75 UC headset lasted 2 years before the microphone stopped working ,1
"SOG Powertool - Free for life! Issued by the military, been around the world and replaced for free by SOG when it wore out without any quibbles!",,3,"SOG Powertool - Free for life! Issued by the military, been around the world and replaced for free by SOG when it wore out without any quibbles! ",1
Had a pair of vintage Snap On pliers that weren't cutting it anymore - Snap On's lifetime guarantee sent me a new pair for free,,5,Had a pair of vintage Snap On pliers that weren't cutting it anymore - Snap On's lifetime guarantee sent me a new pair for free ,1
Glorious Model O- mouse still going strong after 2.5 years of use,"**Condition:** Still In Use

**Years Owned:** 2.5 years

**Usage:** Daily

**Stress points:** Couple LEDS turned turquoise. Most of the time RGB was set to pinkish color. Even changed DPI led to the same color, no difference.

**Positive Remarks:** \- 

* Side buttons are nice, good placement.
* Having option to save 3 DPI settings and choosing color for each one.
* On the pic it wasn't cleaned but for the past 2.5 years I did open the palm part couple of times and cleaned it.

**Price Paid:** $40   **Cost per Month:** $1.33

**Would you buy it again?** Yes

[View Post](https://www.looria.com/reviews/details/geforce-rtx-2080-super-8gb-rog-strix/63b92cb922bc1d000403bba9)

[Submit a longevity review](https://www.looria.com/reviews/submission)",3,"Glorious Model O- mouse still going strong after 2.5 years of use **Condition:** Still In Use

**Years Owned:** 2.5 years

**Usage:** Daily

**Stress points:** Couple LEDS turned turquoise. Most of the time RGB was set to pinkish color. Even changed DPI led to the same color, no difference.

**Positive Remarks:** \- 

* Side buttons are nice, good placement.
* Having option to save 3 DPI settings and choosing color for each one.
* On the pic it wasn't cleaned but for the past 2.5 years I did open the palm part couple of times and cleaned it.

**Price Paid:** $40   **Cost per Month:** $1.33

**Would you buy it again?** Yes

[View Post](https://www.looria.com/reviews/details/geforce-rtx-2080-super-8gb-rog-strix/63b92cb922bc1d000403bba9)

[Submit a longevity review](https://www.looria.com/reviews/submission)",1
Asus GeForce RTX 2080 SUPER 8GB ROG STRIX review after 3 years of use,"**Condition:** Still In Use

**Years Owned:** 3 years

**Usage:** Daily

**Stress points:** Fans rattles loudly at loads while gaming. (extremely prevalent on these strix coolers) Coilwhine

**Positive Remarks:** Temps are good

**Would you buy it again?** No

[View Post](https://www.looria.com/reviews/details/geforce-rtx-2080-super-8gb-rog-strix/63b92cb922bc1d000403bba9)

[Submit a review](https://www.looria.com/reviews/submission)",6,"Asus GeForce RTX 2080 SUPER 8GB ROG STRIX review after 3 years of use **Condition:** Still In Use

**Years Owned:** 3 years

**Usage:** Daily

**Stress points:** Fans rattles loudly at loads while gaming. (extremely prevalent on these strix coolers) Coilwhine

**Positive Remarks:** Temps are good

**Would you buy it again?** No

[View Post](https://www.looria.com/reviews/details/geforce-rtx-2080-super-8gb-rog-strix/63b92cb922bc1d000403bba9)

[Submit a review](https://www.looria.com/reviews/submission)",1
What are some scathing reviews you’ve seen for objects you wouldn’t expect people to get so passionate about?,,8,What are some scathing reviews you’ve seen for objects you wouldn’t expect people to get so passionate about? ,1
Grip 6 Ninja Belt still going strong after 4 years of use - no moving parts that can break,,11,Grip 6 Ninja Belt still going strong after 4 years of use - no moving parts that can break ,1
Felco 2 Pruning Shears still going strong after 3 years of use - great grip and very durable,"**Condition:** Still In Use

**Years Owned:** 3 years

**Usage:** Weekly

**Positive Remarks:** Great grip and very durable. Precision made, and you can get every replacement part from Felco.

**Negative Remarks:** None so far

**Price Paid:** $60   **Cost per Month:** $1.67

**Would you buy it again?** Yes

https://preview.redd.it/2fvvt1892v6a1.png?width=1000&format=png&auto=webp&s=60f2ae340e3d05810f251039e321a2fd12727e89

[View Post](https://www.exitreviews.com/details/2-pruning-shear/639dc657f4dd9500042ebe83)

[Submit a longevity review](https://www.looria.com/reviews/submission)

What's your experience with Felco products or alternatives?",13,"Felco 2 Pruning Shears still going strong after 3 years of use - great grip and very durable **Condition:** Still In Use

**Years Owned:** 3 years

**Usage:** Weekly

**Positive Remarks:** Great grip and very durable. Precision made, and you can get every replacement part from Felco.

**Negative Remarks:** None so far

**Price Paid:** $60   **Cost per Month:** $1.67

**Would you buy it again?** Yes

https://preview.redd.it/2fvvt1892v6a1.png?width=1000&format=png&auto=webp&s=60f2ae340e3d05810f251039e321a2fd12727e89

[View Post](https://www.exitreviews.com/details/2-pruning-shear/639dc657f4dd9500042ebe83)

[Submit a longevity review](https://www.looria.com/reviews/submission)

What's your experience with Felco products or alternatives?",1
How is r/ProductReviews different from r/BuyItForLife?,"Since people pointed out that this sub is similar to r/BuyItForLife, I want to explain how and why we're different:

**The main frustrations with** r/BuyItForLife

1. Products that aren’t available for purchase anymore
2. Mostly USA related
3. Finding specific products/ Database system/ Bad search
4. Repetitive posts/requests
5. Old products that are unused/not frequently used
6. Hard to track changing opinions on brands over the years
7. It's centered around certain categories
8. Finding affordable options

As some user put it:

* ""Of course your fucking hammer works 20 years later shieeet""
* ""It's mostly people bragging about old staplers""
* ""Endless pictures of peoples' old belts and coffee grinders.""
* ""People posting their great-grandparents' Black & Decker boasting how ""it's still chugging along and they don't make them like this anymore""
* ""Mostly products from 60s, or complaints about change""
* ""do the people with 30 year old microwave ovens know that it doesn't take 25 minutes for a frozen lasagna to cook?""

**We want to address these points.**

* We're focused on structured longevity reviews that allow us to calculate metrics like the cost of ownership per month, what % would buy it again, etc.
* Our Reddit bot will send you a reminder to update the status of your product reviews regularly (customizable interval)
* We have a crowdsourced database with all the reviews, which makes finding and researching products and brands very easy. Even if a product is not available anymore, the data is still useful on an aggregated brand level.
* We try to avoid posts of very ancient products that are barely used.",18,"How is r/ProductReviews different from r/BuyItForLife? Since people pointed out that this sub is similar to r/BuyItForLife, I want to explain how and why we're different:

**The main frustrations with** r/BuyItForLife

1. Products that aren’t available for purchase anymore
2. Mostly USA related
3. Finding specific products/ Database system/ Bad search
4. Repetitive posts/requests
5. Old products that are unused/not frequently used
6. Hard to track changing opinions on brands over the years
7. It's centered around certain categories
8. Finding affordable options

As some user put it:

* ""Of course your fucking hammer works 20 years later shieeet""
* ""It's mostly people bragging about old staplers""
* ""Endless pictures of peoples' old belts and coffee grinders.""
* ""People posting their great-grandparents' Black & Decker boasting how ""it's still chugging along and they don't make them like this anymore""
* ""Mostly products from 60s, or complaints about change""
* ""do the people with 30 year old microwave ovens know that it doesn't take 25 minutes for a frozen lasagna to cook?""

**We want to address these points.**

* We're focused on structured longevity reviews that allow us to calculate metrics like the cost of ownership per month, what % would buy it again, etc.
* Our Reddit bot will send you a reminder to update the status of your product reviews regularly (customizable interval)
* We have a crowdsourced database with all the reviews, which makes finding and researching products and brands very easy. Even if a product is not available anymore, the data is still useful on an aggregated brand level.
* We try to avoid posts of very ancient products that are barely used.",1
"Moer Sky Dog Training Collar, Upgraded 100% Waterproof Rechargeable",,1,"Moer Sky Dog Training Collar, Upgraded 100% Waterproof Rechargeable ",1
Have Conformed Nicely to My Feet,,1,Have Conformed Nicely to My Feet ,1
My 10 year old sons unboxing and attempted review of Blue snowball ice mic and Elgato game capture,https://youtu.be/LSK62ZcHiYA,1,My 10 year old sons unboxing and attempted review of Blue snowball ice mic and Elgato game capture https://youtu.be/LSK62ZcHiYA,1
"Not the Best Grinder, But a Terrific Collectable & Conversation Starter",,2,"Not the Best Grinder, But a Terrific Collectable & Conversation Starter ",1
"Plush, Sturdy Door Mat - Not a Thin, Easy-to-Wear-Through Mat",,0,"Plush, Sturdy Door Mat - Not a Thin, Easy-to-Wear-Through Mat ",0
Individual Motion Detector Ideal For Little Used Door Or Exterior Building,,1,Individual Motion Detector Ideal For Little Used Door Or Exterior Building ,1
"My Dogs Do NOT Respond to Shock, But the Tone Makes Them Pay Attention",,2,"My Dogs Do NOT Respond to Shock, But the Tone Makes Them Pay Attention ",1
"I’ve Mentioned My Knee Other Times, This is One More Trial at Finding the Best Knee Sleeve",,1,"I’ve Mentioned My Knee Other Times, This is One More Trial at Finding the Best Knee Sleeve ",1
"Been Wanting Something Like this Awhile, Finally Found the Right One",,1,"Been Wanting Something Like this Awhile, Finally Found the Right One ",1
What a Great Toy for Many Ages,,0,What a Great Toy for Many Ages ,0
Mynt Shiatsu Massage Pillow,,2,Mynt Shiatsu Massage Pillow ,1
Black Box Unboxing | Black Box 2017 | #BlackBox #BlackBoxAU,,1,Black Box Unboxing | Black Box 2017 | #BlackBox #BlackBoxAU ,1
2nd Charcoal Mask I’ve Tried,,1,2nd Charcoal Mask I’ve Tried ,1
Awesome Hunting Gear Review.,,1,Awesome Hunting Gear Review. ,1
Funny Pool Poop emoji review!,,1,Funny Pool Poop emoji review! ,1
AWESOME INEXPENSIVE COMPRESSOR REVIEW,,1,AWESOME INEXPENSIVE COMPRESSOR REVIEW ,1
"GOOD Water Shoes, NOT Cheapo Crap",,2,"GOOD Water Shoes, NOT Cheapo Crap ",1
Baby Jogger 2016 City Mini Double Stroller Review,,1,Baby Jogger 2016 City Mini Double Stroller Review ,1
Seriously Well Made Clipper Set Can Save HUNDREDS of Dollars in Pet Grooming,,1,Seriously Well Made Clipper Set Can Save HUNDREDS of Dollars in Pet Grooming ,1
Iphone Case made from body armor material.,,1,Iphone Case made from body armor material. ,1
You a 90s kid?,What memory you have of the 90's? I almost went rolling on the floor asking my nephew if he knows (me SHOWING HIM A CASSETTE RECORDER) how to record on a cassette tape.,1,You a 90s kid? What memory you have of the 90's? I almost went rolling on the floor asking my nephew if he knows (me SHOWING HIM A CASSETTE RECORDER) how to record on a cassette tape.,1
BEEN Wanting Something Like this but No Auxiliary Port,,1,BEEN Wanting Something Like this but No Auxiliary Port ,1
Nice Addition To Kitchen Knife Collection,,1,Nice Addition To Kitchen Knife Collection ,1
Really Neat Device,,1,Really Neat Device ,1
"Here I give a review on the all too famous ""Inflatable Lounger"" We all have our opinions, here's mine...with a twist!",,1,"Here I give a review on the all too famous ""Inflatable Lounger"" We all have our opinions, here's mine...with a twist! ",1
I Got Mom One for Her Health,,2,I Got Mom One for Her Health ,1
Best DustBuster For Hardwood Floors Reviews 2017,,1,Best DustBuster For Hardwood Floors Reviews 2017 ,1
Innovative Air Freshener - Not Ordinary Convenient Store Air Freshener,,1,Innovative Air Freshener - Not Ordinary Convenient Store Air Freshener ,1
I Don’t Even Want to Get This Dirty,,1,I Don’t Even Want to Get This Dirty ,1
My Nephew (and My Brother) LOVES These Things!!,,0,My Nephew (and My Brother) LOVES These Things!! ,0
Wish ALL My Tarps Were This Thick and Durable,,0,Wish ALL My Tarps Were This Thick and Durable ,0
Budget microphone for new film makers!,,1,Budget microphone for new film makers! ,1
"Thought I Had Found the BEST Before, THIS Is The Better of the Two!",,0,"Thought I Had Found the BEST Before, THIS Is The Better of the Two! ",0
Got This For Mom and She is in LOVE!,,1,Got This For Mom and She is in LOVE! ,1
Tried Several - These are Terrific!,,1,Tried Several - These are Terrific! ,1
One Outlet At A Time - Got The Single To Start,,1,One Outlet At A Time - Got The Single To Start ,1
Terrific Stuff - According to Mom & What I See it Has Done,,1,Terrific Stuff - According to Mom & What I See it Has Done ,1
iPhone Lens 7 Plus Kit Puts all Your Camera Needs Into One Device,,2,iPhone Lens 7 Plus Kit Puts all Your Camera Needs Into One Device ,1
"Healthy, Beautiful AFFORDABLE Himalayan Salt Lamp",,2,"Healthy, Beautiful AFFORDABLE Himalayan Salt Lamp ",1
wtf?? charcoal for teeth whitening?,,0,wtf?? charcoal for teeth whitening? ,0
Got for Mom and She LOVES It,,0,Got for Mom and She LOVES It ,0
Type-C Adapter has Many Uses,,1,Type-C Adapter has Many Uses ,1
"Heard Lots, Just HAD to Try",,1,"Heard Lots, Just HAD to Try ",1
Hoping My Cats Are Enjoying,,1,Hoping My Cats Are Enjoying ,1
"Super Comfortable, I Sleep Like Baby",,0,"Super Comfortable, I Sleep Like Baby ",0
Best Wired Phone Headset Reviews and Comparison 2017,,1,Best Wired Phone Headset Reviews and Comparison 2017 ,1
Essential Oils are Just That - Essential,,1,Essential Oils are Just That - Essential ,1
Testing Various Meat Thermometers - This One has Great Features,"I have been testing various meat thermometers as I learn the art of smoking various meats and this one has come very unique features. When the prong is extended, the thermometer automatically turns on. This is the fastest of all the thermometers I have tested reading in as few as 4 seconds so no waiting. It reads the temperature aloud to you so you needn’t stick your head in the hot oven or over the coals although it has a bright LCD screen with a digital readout. The retractable probe makes storage a synch and once closed,  turns off automatically. This comes in a nice box along with a temperature chart, manual, Velcro circles for hanging in an out-of-the-way place. A lifetime warranty makes this a very good deal as well as a very good cooking thermometer. 

#McNeilGraphix #PurchasesMadeSimple #Amazon #AmazonPrime #Kizen #KizenDigitalMeat&CookingThermometer
",1,"Testing Various Meat Thermometers - This One has Great Features I have been testing various meat thermometers as I learn the art of smoking various meats and this one has come very unique features. When the prong is extended, the thermometer automatically turns on. This is the fastest of all the thermometers I have tested reading in as few as 4 seconds so no waiting. It reads the temperature aloud to you so you needn’t stick your head in the hot oven or over the coals although it has a bright LCD screen with a digital readout. The retractable probe makes storage a synch and once closed,  turns off automatically. This comes in a nice box along with a temperature chart, manual, Velcro circles for hanging in an out-of-the-way place. A lifetime warranty makes this a very good deal as well as a very good cooking thermometer. 

#McNeilGraphix #PurchasesMadeSimple #Amazon #AmazonPrime #Kizen #KizenDigitalMeat&CookingThermometer
",1
Low Standing Won’t Break at the Base Like the Last One - Great!,,1,Low Standing Won’t Break at the Base Like the Last One - Great! ,1
Got for Mom and She LOVES It,"I simply LOVE tops like this! I do not want clingy so this long, tunic-ike top drapes perfectly on me, is super stretchy, and no risk of shrinkage. I cannot wait for the Fall weather to begin wearing this over leggings. THESE are the type clothes I like - loose fitting, not clingy, not accentuating anything but hanging loosely over my behind and perfect for leggings! Colors are a warm  I am a cool but this doesn’t look bad on me, no one thinks, as the peach is not orange and black and white work for anyone. Black leggings & boots or flats - make for a really cute look.

#McNeilGraphix #PurchasesMadeSimple #Amazon #AmazonPrime #ENJOYNIGHT #ENJOYNIGHTWomensCasual",1,"Got for Mom and She LOVES It I simply LOVE tops like this! I do not want clingy so this long, tunic-ike top drapes perfectly on me, is super stretchy, and no risk of shrinkage. I cannot wait for the Fall weather to begin wearing this over leggings. THESE are the type clothes I like - loose fitting, not clingy, not accentuating anything but hanging loosely over my behind and perfect for leggings! Colors are a warm  I am a cool but this doesn’t look bad on me, no one thinks, as the peach is not orange and black and white work for anyone. Black leggings & boots or flats - make for a really cute look.

#McNeilGraphix #PurchasesMadeSimple #Amazon #AmazonPrime #ENJOYNIGHT #ENJOYNIGHTWomensCasual",1
Glacial mud Mask Trial - NuSkin,"I was hesitant to use anything on my face as i'd suffer with zits or allergies if the product is harsh or ""incompatible"" with my skin. So I asked if a trial pack is available and they do have and skin patch test it first, no reaction. Product label says its all natural. So after finally putting it on my face, I felt a bit of sting and tightening I kinda panicked and wanted to take it off immediately but I have read that it is part of the cleansing, so I went on drying it up on my face and then rinsed it after the required time to leave it on my skin. I didn't find the experience enjoyable like the other masks I would get over the counter, because of the sting, maybe. But I would like to try it again, this maybe a product that needs frequent using before you find any changes or satisfactory result. ",1,"Glacial mud Mask Trial - NuSkin I was hesitant to use anything on my face as i'd suffer with zits or allergies if the product is harsh or ""incompatible"" with my skin. So I asked if a trial pack is available and they do have and skin patch test it first, no reaction. Product label says its all natural. So after finally putting it on my face, I felt a bit of sting and tightening I kinda panicked and wanted to take it off immediately but I have read that it is part of the cleansing, so I went on drying it up on my face and then rinsed it after the required time to leave it on my skin. I didn't find the experience enjoyable like the other masks I would get over the counter, because of the sting, maybe. But I would like to try it again, this maybe a product that needs frequent using before you find any changes or satisfactory result. ",1
What are some really cool food products/kitchen gadgets that are out there?,Looking to try out some new products in the kitchen and was wondering if anyone has stumbled across anything new or interesting recently. ,2,What are some really cool food products/kitchen gadgets that are out there? Looking to try out some new products in the kitchen and was wondering if anyone has stumbled across anything new or interesting recently. ,1
Ever Been Swimming and Wound Up with Very Dry Skin?,,0,Ever Been Swimming and Wound Up with Very Dry Skin? ,0
Tactical CREE LED Flashlight Review - LUMIZOOM LZ250g,,3,Tactical CREE LED Flashlight Review - LUMIZOOM LZ250g ,1
They Said it Can't Be Ripped...,,5,They Said it Can't Be Ripped... ,1
